{
    "angle": {
        "degree": 90.791146,
        "radian": 1.5846044
    },
    "force": 1.9891304,
    "position":{
        "x": 39.17154,
        "y": 99.9942801
    },
    "type": "move"
}

    
    {"angle": {"degree": 90.791146,"radian": 1.5846044},"force": 1.9891304,"position":{"x": 39.17154,"y": 99.9942801},"type": "move"}